<?xml version="1.0" encoding="UTF-8"?>
<project-private xmlns="http://www.netbeans.org/ns/project-private/1">
    <editor-bookmarks xmlns="http://www.netbeans.org/ns/editor-bookmarks/2" lastBookmarkId="0"/>
    <open-files xmlns="http://www.netbeans.org/ns/projectui-open-files/2">
        <group>
            <file>file:/C:/Users/n2-07/Desktop/kviz/kviz/src/demo/Nogomet3.java</file>
            <file>file:/C:/Users/n2-07/Desktop/kviz/kviz/src/demo/Vizitka.java</file>
            <file>file:/C:/Users/n2-07/Desktop/kviz/kviz/src/demo/Konec.java</file>
            <file>file:/C:/Users/n2-07/Desktop/kviz/kviz/src/demo/Odbojka1.java</file>
            <file>file:/C:/Users/n2-07/Desktop/kviz/kviz/src/demo/Odbojka2.java</file>
            <file>file:/C:/Users/n2-07/Desktop/kviz/kviz/src/demo/Odbojka3.java</file>
            <file>file:/C:/Users/n2-07/Desktop/kviz/kviz/src/demo/Odbojka4.java</file>
            <file>file:/C:/Users/n2-07/Desktop/kviz/kviz/src/demo/Odbojka5.java</file>
            <file>file:/C:/Users/n2-07/Desktop/kviz/kviz/src/demo/Odbojka6.java</file>
            <file>file:/C:/Users/n2-07/Desktop/kviz/kviz/src/demo/Odbojka7.java</file>
            <file>file:/C:/Users/n2-07/Desktop/kviz/kviz/src/demo/Nogomet1.java</file>
            <file>file:/C:/Users/n2-07/Desktop/kviz/kviz/src/demo/Nogomet2.java</file>
            <file>file:/C:/Users/n2-07/Desktop/kviz/kviz/src/demo/Nogomet4.java</file>
        </group>
    </open-files>
</project-private>
